,day_of_year,results
20577,220,28.444444444444443
20065,73,15.833333333333334
18604,73,18.000000000000004
19039,143,22.11111111111111
22694,145,25.0
20183,191,27.88888888888889
19657,30,14.77777777777778
22228,44,10.388888888888893
21005,282,26.11111111111111
19745,118,17.555555555555557
22701,152,24.77777777777777
21770,317,17.88888888888889
21489,36,13.666666666666666
20769,46,15.055555555555555
21088,365,14.88888888888889
23004,90,15.166666666666666
21930,112,19.61111111111111
20646,289,22.27777777777777
20515,158,23.5
20812,89,20.222222222222225
19234,338,19.166666666666668
20848,125,20.166666666666668
22038,220,27.61111111111111
18577,46,14.61111111111111
21311,223,28.33333333333333
19743,116,20.500000000000004
19268,6,15.833333333333334
21001,278,25.72222222222222
19422,160,24.77777777777777
20668,311,20.666666666666668
20075,83,15.166666666666666
19445,183,25.944444444444443
21560,107,17.555555555555557
20058,66,16.61111111111111
19367,105,16.61111111111111
22710,161,25.444444444444443
21883,65,21.05555555555556
21278,190,27.22222222222222
21249,161,26.11111111111111
20032,40,14.72222222222222
22625,76,17.0
20160,168,26.83333333333333
20710,353,16.555555555555557
22604,55,23.166666666666668
23113,199,27.666666666666668
19843,216,28.38888888888889
21407,319,20.0
18721,190,27.22222222222222
22732,183,27.33333333333333
21844,26,12.944444444444445
20273,281,25.83333333333333
20093,101,17.72222222222222
19488,226,26.55555555555556
20436,79,15.666666666666666
21912,94,17.5
20870,147,25.05555555555556
22978,64,16.72222222222222
22266,82,16.944444444444443
20912,189,25.83333333333333
19113,217,27.16666666666667
19828,201,26.27777777777778
20685,328,17.944444444444443
22125,307,25.611111111111107
20229,237,29.27777777777778
18619,88,15.666666666666666
21896,78,15.5
22340,156,22.77777777777778
21558,105,17.555555555555557
19402,140,21.5
21029,306,22.55555555555556
19255,359,16.27777777777778
21326,238,28.05555555555556
18727,196,26.27777777777778
19638,11,11.944444444444445
20706,349,12.77777777777778
22447,263,27.722222222222225
21564,111,17.11111111111111
19817,190,26.05555555555556
20831,108,23.61111111111111
20884,161,23.72222222222222
19266,4,13.833333333333334
20513,156,24.0
21478,25,15.11111111111111
20443,86,15.444444444444445
20851,128,20.444444444444443
22326,142,22.61111111111111
19258,362,15.61111111111111
21629,176,26.22222222222222
20693,336,18.77777777777778
23054,140,23.72222222222222
20941,218,28.000000000000004
19713,86,18.000000000000004
22138,320,27.61111111111111
21302,214,28.72222222222222
22621,72,18.666666666666664
20072,80,16.666666666666668
19269,7,16.72222222222222
20484,127,19.33333333333333
22521,337,20.166666666666668
22776,227,26.888888888888893
21051,328,16.555555555555557
21617,164,24.27777777777778
21208,120,18.5
22257,73,13.61111111111111
22469,285,26.05555555555556
22371,187,26.38888888888889
20450,93,21.444444444444443
22154,336,15.0
19201,305,19.0
19581,319,19.5
19300,38,10.111111111111112
19661,34,15.11111111111111
21198,110,18.05555555555556
21299,211,29.77777777777778
19400,138,22.5
20570,213,29.83333333333333
22639,90,18.944444444444443
22935,21,14.444444444444445
21693,240,27.27777777777777
20241,249,28.111111111111107
21916,98,16.38888888888889
23096,182,27.0
22836,287,26.27777777777778
18674,143,23.833333333333336
20539,182,26.5
19429,167,24.944444444444446
19604,342,19.0
18688,157,23.444444444444443
19768,141,20.72222222222222
19219,323,20.166666666666668
18565,34,13.555555555555555
22062,244,27.722222222222225
19946,319,20.444444444444443
21792,339,13.88888888888889
19116,220,27.666666666666668
20792,69,16.72222222222222
21146,58,13.27777777777778
20419,62,14.444444444444445
20307,315,20.500000000000004
18746,215,27.33333333333333
21802,349,18.88888888888889
21634,181,26.38888888888889
19237,341,16.833333333333332
22998,84,16.38888888888889
22741,192,26.55555555555556
19543,281,24.55555555555556
19831,204,27.11111111111111
20069,77,24.61111111111111
19037,141,21.11111111111111
22049,231,27.722222222222225
20243,251,27.83333333333333
20312,320,20.33333333333333
23098,184,26.27777777777778
21292,204,28.22222222222222
22392,208,27.944444444444443
19474,212,27.22222222222222
21454,1,15.72222222222222
21869,51,13.555555555555555
18749,218,27.55555555555556
22765,216,27.05555555555556
19822,195,25.83333333333333
19378,116,17.5
22318,134,23.166666666666668
22023,205,26.888888888888893
21605,152,22.722222222222225
22391,207,28.33333333333333
20556,199,27.77777777777778
21340,252,26.22222222222222
20278,286,25.27777777777778
19918,291,23.22222222222222
22045,227,27.61111111111111
20134,142,25.222222222222225
21488,35,14.055555555555554
22504,320,18.33333333333333
22590,41,15.055555555555555
20516,159,23.33333333333333
19778,151,22.27777777777777
20121,129,20.444444444444443
22479,295,21.611111111111114
21942,124,19.61111111111111
21227,139,21.27777777777778
20514,157,23.833333333333336
21620,167,25.11111111111111
22598,49,16.77777777777778
21131,43,15.77777777777778
19407,145,22.27777777777777
22950,36,14.166666666666666
22755,206,27.33333333333333
22567,18,14.11111111111111
20712,355,15.333333333333334
18574,43,13.88888888888889
21169,81,17.77777777777778
22624,75,16.944444444444443
19971,344,18.77777777777778
21468,15,15.944444444444445
21380,292,24.88888888888889
20842,119,21.72222222222221
19252,356,15.444444444444445
20629,272,24.77777777777777
19839,212,27.444444444444446
23126,212,29.27777777777778
19860,233,27.88888888888889
22320,136,22.5
23156,242,28.38888888888889
19858,231,28.277777777777786
22112,294,24.5
18602,71,15.944444444444445
22339,155,24.27777777777778
22436,252,27.5
23111,197,28.444444444444443
18724,193,25.777777777777786
23167,253,26.5
19881,254,26.944444444444443
20041,49,17.166666666666668
19615,353,15.72222222222222
20732,9,15.166666666666666
20704,347,17.11111111111111
22995,81,18.33333333333333
22889,340,16.61111111111111
22568,19,13.722222222222223
20992,269,26.22222222222222
19466,204,27.22222222222222
20878,155,24.27777777777778
21040,317,20.500000000000004
19886,259,27.16666666666667
22489,305,19.72222222222222
20766,43,17.0
22162,344,14.333333333333334
20013,21,13.055555555555555
18620,89,17.333333333333332
19915,288,25.38888888888889
21483,30,14.88888888888889
19704,77,11.72222222222222
21532,79,14.22222222222222
18680,149,23.55555555555556
18563,32,14.77777777777778
20245,253,27.722222222222225
19871,244,29.77777777777778
20716,359,15.61111111111111
21112,24,12.666666666666664
22151,333,14.555555555555555
20526,169,25.83333333333333
21222,134,22.22222222222222
21055,332,17.666666666666668
22984,70,18.5
23068,154,22.27777777777777
21959,141,20.72222222222222
21599,146,22.944444444444443
22352,168,25.222222222222225
21335,247,27.666666666666668
21797,344,16.27777777777778
19576,314,21.611111111111114
22246,62,21.38888888888889
19885,258,27.666666666666668
22713,164,24.77777777777777
21485,32,13.055555555555555
22541,357,15.38888888888889
21637,184,26.77777777777778
23050,136,21.611111111111114
19887,260,28.55555555555556
21229,141,21.22222222222222
19784,157,23.000000000000004
18717,186,26.611111111111114
19320,58,15.333333333333334
21565,112,17.166666666666668
21148,60,14.72222222222222
21408,320,22.61111111111111
20361,4,15.333333333333334
22490,306,19.22222222222221
22451,267,27.61111111111111
19223,327,19.05555555555556
20926,203,28.277777777777786
21756,303,19.33333333333333
21708,255,27.0
22044,226,27.22222222222222
20801,78,18.444444444444443
22700,151,24.83333333333333
22595,46,13.333333333333334
19307,45,12.611111111111112
21283,195,27.5
19626,364,16.333333333333332
20399,42,15.77777777777778
20867,144,23.444444444444443
23017,103,17.444444444444443
21686,233,27.722222222222225
19653,26,14.833333333333334
19293,31,11.38888888888889
20872,149,23.38888888888889
21535,82,14.000000000000002
21205,117,16.77777777777778
22476,292,22.666666666666668
19835,208,26.666666666666668
20240,248,28.33333333333333
19021,125,18.88888888888889
18533,2,13.38888888888889
19876,249,27.0
19264,2,13.777777777777777
21487,34,15.22222222222222
22991,77,14.555555555555555
22786,237,29.38888888888889
19405,143,22.722222222222225
19609,347,14.944444444444445
19229,333,19.5
22465,281,24.66666666666667
22726,177,26.444444444444443
20364,7,13.22222222222222
20151,159,24.55555555555556
18755,224,27.33333333333333
19144,248,27.33333333333333
20469,112,19.61111111111111
19513,251,25.444444444444443
19373,111,18.88888888888889
23129,215,28.61111111111111
20735,12,15.61111111111111
20057,65,17.444444444444443
22719,170,26.0
20300,308,22.61111111111111
20758,35,15.72222222222222
22448,264,28.05555555555556
22395,211,28.61111111111111
20800,77,18.77777777777778
23079,165,24.388888888888893
20023,31,13.27777777777778
22217,33,14.166666666666666
22520,336,19.388888888888893
19191,295,23.38888888888889
21479,26,15.88888888888889
22175,357,14.88888888888889
21301,213,29.55555555555556
21270,182,26.27777777777778
21201,113,18.166666666666668
23028,114,18.666666666666664
20288,296,23.944444444444443
22034,216,27.5
19611,349,15.5
22399,215,28.77777777777778
19146,250,28.55555555555556
18756,225,27.88888888888889
22335,151,23.833333333333336
20797,74,17.166666666666668
22904,355,17.22222222222222
20284,292,25.05555555555556
20854,131,20.05555555555556
22236,52,15.27777777777778
19082,186,27.0
19203,307,19.61111111111111
21855,37,14.61111111111111
19061,165,24.33333333333333
23104,190,26.944444444444443
18617,86,15.77777777777778
20144,152,23.72222222222222
23152,238,27.88888888888889
21904,86,16.5
20026,34,16.11111111111111
21307,219,28.83333333333333
22375,191,26.38888888888889
19046,150,22.27777777777777
18649,118,21.5
21463,10,15.0
18985,89,22.88888888888889
23159,245,28.55555555555556
22421,237,29.5
21531,78,14.833333333333334
19274,12,17.944444444444443
21752,299,24.0
20754,31,14.72222222222222
22757,208,27.77777777777778
21003,280,24.77777777777777
21050,327,16.333333333333332
22225,41,10.22222222222222
21165,77,17.72222222222222
22648,99,19.388888888888893
19719,92,16.666666666666668
20308,316,20.0
20461,104,22.22222222222222
22783,234,29.33333333333333
19767,140,20.666666666666668
21324,236,27.16666666666667
21482,29,14.833333333333334
21879,61,19.77777777777777
19639,12,10.22222222222222
22234,50,17.333333333333332
21530,77,16.72222222222222
21434,346,17.0
21555,102,17.77777777777778
22803,254,28.277777777777786
22872,323,19.77777777777777
19737,110,18.5
19387,125,18.05555555555556
21306,218,28.38888888888889
20768,45,16.61111111111111
20893,170,24.88888888888889
22499,315,19.27777777777778
21648,195,26.166666666666664
19557,295,19.111111111111114
19033,137,20.55555555555556
19569,307,22.27777777777777
20357,365,17.444444444444443
21445,357,13.166666666666668
23039,125,20.166666666666668
19239,343,16.77777777777778
19455,193,26.77777777777778
19731,104,23.111111111111107
22005,187,26.11111111111111
22963,49,15.5
21628,175,25.500000000000004
20150,158,24.77777777777777
23136,222,27.55555555555556
21388,300,22.88888888888889
21750,297,24.0
22848,299,23.22222222222222
22940,26,14.11111111111111
21567,114,25.27777777777778
22132,314,22.444444444444446
21536,83,13.11111111111111
20498,141,21.72222222222221
19491,229,26.77777777777778
19648,21,15.055555555555555
22523,339,20.27777777777778
18734,203,26.611111111111114
20787,64,16.72222222222222
21996,178,25.611111111111107
22263,79,16.444444444444443
22037,219,27.5
19565,303,22.88888888888889
20318,326,22.88888888888889
21373,285,26.166666666666664
20749,26,11.88888888888889
21123,35,15.61111111111111
22271,87,16.27777777777778
18589,58,13.88888888888889
21709,256,26.72222222222221
19151,255,25.38888888888889
18980,84,11.88888888888889
18702,171,25.500000000000004
19764,137,23.5
19043,147,22.666666666666668
21948,130,23.666666666666664
22066,248,26.666666666666668
21429,341,18.000000000000004
20674,317,22.05555555555556
21863,45,11.222222222222223
21254,166,25.222222222222225
20952,229,28.77777777777778
19748,121,19.5
20903,180,25.166666666666668
20875,152,25.11111111111111
19865,238,27.444444444444446
21190,102,17.61111111111111
22456,272,26.944444444444443
22048,230,27.38888888888889
21462,9,15.22222222222222
20633,276,25.55555555555556
22348,164,25.500000000000004
21266,178,26.38888888888889
20411,54,14.11111111111111
19189,293,25.0
20837,114,19.388888888888893
21823,5,15.77777777777778
22284,100,19.388888888888893
22576,27,14.88888888888889
22900,351,14.000000000000002
21284,196,27.77777777777778
19195,299,22.55555555555556
19390,128,18.833333333333336
22925,11,13.166666666666668
18636,105,16.833333333333332
18566,35,14.055555555555554
19291,29,12.72222222222222
22784,235,28.88888888888889
19283,21,13.333333333333334
19424,162,23.77777777777778
20818,95,18.05555555555556
20304,312,20.500000000000004
21806,353,13.722222222222223
19276,14,17.944444444444443
19882,255,27.11111111111111
21195,107,19.05555555555556
21950,132,20.666666666666668
19316,54,13.833333333333334
19836,209,27.666666666666668
22584,35,17.444444444444443
22396,212,28.55555555555556
21367,279,24.27777777777778
21933,115,17.88888888888889
22820,271,27.05555555555556
19582,320,20.0
19755,128,25.500000000000004
19087,191,26.83333333333333
21322,234,27.722222222222225
21672,219,28.000000000000004
20125,133,21.38888888888889
19281,19,13.27777777777778
19979,352,15.444444444444445
22927,13,12.666666666666664
22470,286,27.722222222222225
19221,325,20.222222222222225
19933,306,22.33333333333333
22398,214,28.88888888888889
20894,171,25.11111111111111
20033,41,13.333333333333334
19314,52,13.499999999999998
20227,235,30.05555555555556
22845,296,23.38888888888889
20546,189,27.55555555555556
22665,116,19.5
20339,347,17.5
20642,285,25.27777777777778
21811,358,14.72222222222222
19894,267,26.05555555555556
21640,187,27.22222222222222
23031,117,19.55555555555556
19631,4,15.27777777777778
20592,235,28.38888888888889
19443,181,25.55555555555556
19641,14,14.77777777777778
22743,194,27.61111111111111
22082,264,26.22222222222222
19775,148,22.38888888888889
20244,252,27.83333333333333
20521,164,25.88888888888889
18571,40,12.5
22064,246,27.38888888888889
21004,281,25.944444444444443
19134,238,27.0
20631,274,24.111111111111114
22022,204,26.77777777777778
21052,329,18.444444444444443
23119,205,28.166666666666668
19695,68,15.27777777777778
21179,91,17.11111111111111
22738,189,27.0
20883,160,23.22222222222222
20673,316,22.27777777777777
22537,353,16.5
21562,109,19.05555555555556
21130,42,16.333333333333332
20222,230,29.22222222222222
18562,31,13.499999999999998
21779,326,22.38888888888889
21087,364,13.444444444444446
21516,63,16.11111111111111
21949,131,24.61111111111111
19240,344,16.0
22588,39,15.833333333333334
19305,43,11.833333333333332
19265,3,14.000000000000002
19297,35,12.27777777777778
20377,20,14.72222222222222
21431,343,19.27777777777778
21458,5,16.77777777777778
23168,254,26.38888888888889
22880,331,20.0
19625,363,16.38888888888889
19643,16,14.444444444444445
20790,67,16.833333333333332
21635,182,26.77777777777778
22534,350,16.833333333333332
21514,61,19.61111111111111
20919,196,27.0
22633,84,18.05555555555556
21017,294,23.77777777777778
19284,22,13.11111111111111
22210,26,13.61111111111111
18670,139,20.666666666666668
18581,50,14.11111111111111
19068,172,24.388888888888893
22153,335,15.166666666666666
19808,181,26.333333333333336
22734,185,27.444444444444446
21891,73,14.77777777777778
19205,309,19.72222222222222
21932,114,18.88888888888889
18554,23,12.944444444444445
22853,304,24.5
22864,315,20.222222222222225
19259,363,18.05555555555556
23024,110,16.72222222222222
21288,200,28.5
22367,183,25.0
20027,35,15.444444444444445
23073,159,23.88888888888889
19982,355,16.88888888888889
20352,360,15.944444444444445
19337,75,11.444444444444445
20119,127,21.05555555555556
20157,165,25.55555555555556
20815,92,20.11111111111111
21379,291,24.22222222222221
18555,24,13.444444444444446
21688,235,27.11111111111111
19141,245,27.38888888888889
21492,39,14.833333333333334
22628,79,17.5
20127,135,21.11111111111111
21867,49,14.666666666666666
19508,246,26.27777777777778
20122,130,21.38888888888889
20073,81,16.11111111111111
21772,319,18.61111111111111
19220,324,20.777777777777786
21857,39,14.38888888888889
21820,2,14.833333333333334
21316,228,28.666666666666668
19377,115,19.22222222222221
21650,197,26.55555555555556
23087,173,25.72222222222222
19423,161,24.0
19024,128,20.11111111111111
20770,47,14.72222222222222
21435,347,13.499999999999998
22222,38,12.27777777777778
20106,114,19.27777777777778
21344,256,26.05555555555556
21970,152,22.27777777777777
19030,134,20.88888888888889
18593,62,20.27777777777778
21399,311,22.944444444444443
22446,262,28.000000000000004
19757,130,20.444444444444443
21092,4,13.555555555555555
22985,71,17.5
18666,135,21.22222222222222
20335,343,16.666666666666668
21546,93,19.61111111111111
20705,348,16.27777777777778
22150,332,15.61111111111111
20949,226,28.5
20270,278,26.05555555555556
22494,310,20.0
20061,69,16.77777777777778
19610,348,15.944444444444445
19862,235,28.5
20493,136,21.444444444444443
22464,280,24.5
20876,153,25.33333333333333
22229,45,13.166666666666668
20206,214,28.111111111111107
19417,155,23.000000000000004
21083,360,16.38888888888889
19580,318,19.27777777777778
20488,131,20.777777777777786
20914,191,26.5
18662,131,19.55555555555556
21339,251,26.77777777777778
19844,217,28.277777777777786
19345,83,13.499999999999998
20314,322,22.55555555555556
19325,63,14.333333333333334
21740,287,23.000000000000004
19304,42,10.444444444444445
21424,336,19.88888888888889
20433,76,15.444444444444445
21348,260,27.88888888888889
19539,277,22.5
18728,197,26.611111111111114
21973,155,21.77777777777778
21853,35,13.555555555555555
20152,160,25.27777777777778
22478,294,20.944444444444443
18650,119,18.833333333333336
22727,178,26.22222222222222
21995,177,25.33333333333333
19336,74,12.555555555555555
20043,51,13.055555555555555
19431,169,25.500000000000004
19353,91,20.666666666666668
18759,228,27.666666666666668
20530,173,25.55555555555556
21781,328,19.944444444444446
19057,161,24.33333333333333
22970,56,17.27777777777778
22108,290,25.27777777777778
22442,258,27.27777777777777
20291,299,24.388888888888893
20322,330,18.61111111111111
20035,43,15.22222222222222
22497,313,19.22222222222221
21698,245,27.5
21334,246,27.88888888888889
18691,160,24.33333333333333
20580,223,27.38888888888889
19451,189,26.944444444444443
19319,57,12.444444444444445
19380,118,17.72222222222222
19359,97,14.72222222222222
18758,227,27.83333333333333
21474,21,12.27777777777778
18549,18,11.333333333333334
21611,158,24.166666666666668
23021,107,17.77777777777778
20155,163,25.166666666666668
22656,107,18.833333333333336
20467,110,21.0
18714,183,28.83333333333333
19154,258,26.444444444444443
20862,139,21.83333333333333
23065,151,23.166666666666668
20653,296,23.277777777777786
19834,207,27.722222222222225
19310,48,14.333333333333334
18761,230,27.55555555555556
20123,131,21.55555555555556
18618,87,14.38888888888889
19272,10,16.333333333333332
20822,99,17.944444444444443
23114,200,27.5
22873,324,21.22222222222222
20476,119,20.05555555555556
20835,112,25.83333333333333
19011,115,16.444444444444443
20683,326,17.77777777777778
18774,243,27.05555555555556
19727,100,17.77777777777778
18995,99,17.61111111111111
23009,95,24.66666666666667
20070,78,20.611111111111107
23022,108,17.77777777777778
23131,217,27.944444444444443
21810,357,14.333333333333334
21582,129,27.33333333333333
21099,11,9.833333333333336
20129,137,22.22222222222222
22840,291,24.944444444444446
20738,15,14.77777777777778
20734,11,15.27777777777778
22441,257,27.55555555555556
20584,227,28.166666666666668
21443,355,12.166666666666666
20169,177,25.500000000000004
19081,185,27.05555555555556
19296,34,12.611111111111112
19515,253,25.0
20371,14,12.666666666666664
21127,39,15.833333333333334
19218,322,22.33333333333333
18989,93,16.88888888888889
20575,218,28.33333333333333
19271,9,18.22222222222222
18656,125,18.38888888888889
19614,352,17.22222222222222
20404,47,14.61111111111111
20164,172,25.944444444444443
22748,199,27.722222222222225
20713,356,16.72222222222222
21812,359,15.77777777777778
22182,364,15.166666666666666
19809,182,25.611111111111107
21319,231,27.55555555555556
19749,122,20.27777777777778
22758,209,27.33333333333333
20420,63,15.61111111111111
20856,133,24.944444444444446
22982,68,15.944444444444445
20776,53,12.055555555555555
21197,109,18.38888888888889
19227,331,19.72222222222222
21578,125,21.27777777777778
21261,173,25.444444444444443
20611,254,27.666666666666668
22124,306,25.83333333333333
20474,117,19.27777777777778
19516,254,25.33333333333333
21988,170,24.944444444444446
18624,93,13.444444444444446
23169,255,26.5
22766,217,27.16666666666667
23052,138,21.77777777777778
21874,56,16.555555555555557
21851,33,14.000000000000002
22967,53,17.166666666666668
21561,108,22.5
21521,68,16.666666666666668
19634,7,15.77777777777778
20331,339,20.33333333333333
20550,193,28.277777777777786
20082,90,18.72222222222222
22280,96,15.833333333333334
23048,134,20.83333333333333
22435,251,27.666666666666668
20857,134,20.88888888888889
18686,155,23.666666666666664
20921,198,27.444444444444446
18977,81,15.11111111111111
23149,235,28.111111111111107
19286,24,11.833333333333332
23160,246,28.38888888888889
21145,57,15.944444444444445
22850,301,17.444444444444443
22046,228,27.444444444444446
19279,17,12.27777777777778
20156,164,24.944444444444446
21807,354,12.055555555555555
19374,112,19.27777777777778
22934,20,13.055555555555555
19180,284,25.0
20019,27,15.27777777777778
21032,309,21.38888888888889
19787,160,23.33333333333333
22552,3,19.33333333333333
22611,62,16.944444444444443
20690,333,19.0
22242,58,17.666666666666668
20327,335,13.61111111111111
19709,82,14.444444444444445
19172,276,24.83333333333333
19031,135,23.166666666666668
19238,342,17.0
21022,299,23.000000000000004
20048,56,15.555555555555555
21580,127,20.944444444444443
21217,129,20.33333333333333
19762,135,19.27777777777778
20049,57,14.88888888888889
23053,139,21.611111111111114
21447,359,15.11111111111111
20337,345,16.5
21384,296,23.166666666666668
21327,239,28.05555555555556
22959,45,16.0
19414,152,22.444444444444446
19179,283,23.88888888888889
21957,139,20.83333333333333
21212,124,19.27777777777778
19825,198,26.38888888888889
19895,268,25.83333333333333
19382,120,17.22222222222222
19308,46,13.944444444444445
22418,234,28.88888888888889
18705,174,26.333333333333336
21385,297,23.944444444444443
19896,269,26.444444444444443
22646,97,17.666666666666668
21613,160,23.77777777777778
20730,7,15.61111111111111
22795,246,26.944444444444443
20029,37,14.555555555555555
21804,351,18.77777777777778
20763,40,13.555555555555555
21944,126,19.61111111111111
21533,80,12.888888888888893
22728,179,26.38888888888889
19041,145,22.944444444444443
18542,11,13.944444444444445
18546,15,15.72222222222222
19850,223,29.166666666666668
19138,242,27.83333333333333
22922,8,13.444444444444446
18536,5,13.666666666666666
19421,159,26.611111111111114
20287,295,24.33333333333333
19699,72,15.666666666666666
22773,224,27.944444444444443
22123,305,23.000000000000004
20964,241,27.944444444444443
22039,221,27.666666666666668
21937,119,23.666666666666664
19020,124,18.833333333333336
19687,60,13.27777777777778
19211,315,20.0
23139,225,28.166666666666668
21314,226,29.33333333333333
19660,33,13.11111111111111
19848,221,30.83333333333333
20852,129,20.72222222222222
22282,98,24.166666666666668
20918,195,26.611111111111114
19726,99,17.555555555555557
22996,82,26.83333333333333
21900,82,20.777777777777786
22730,181,26.55555555555556
21577,124,24.5
20390,33,13.944444444444445
22484,300,22.16666666666667
22647,98,20.55555555555556
19313,51,15.666666666666666
22554,5,20.27777777777778
22535,351,17.166666666666668
19025,129,21.05555555555556
20341,349,16.22222222222222
21118,30,12.888888888888893
22578,29,13.944444444444445
22992,78,15.333333333333334
22620,71,16.5
21784,331,17.11111111111111
20342,350,15.88888888888889
21991,173,25.166666666666668
21974,156,22.33333333333333
20880,157,23.666666666666664
18981,85,12.055555555555555
21038,315,21.444444444444443
21906,88,18.277777777777786
21337,249,26.888888888888893
22898,349,16.5
18598,67,15.38888888888889
18720,189,26.83333333333333
22170,352,9.055555555555554
18751,220,27.16666666666667
19115,219,26.83333333333333
18750,219,27.33333333333333
20657,300,18.666666666666664
21231,143,21.77777777777778
19575,313,21.611111111111114
22439,255,27.0
22973,59,15.555555555555555
18984,88,18.666666666666664
20063,71,17.11111111111111
20353,361,16.22222222222222
22256,72,10.72222222222222
21351,263,26.27777777777778
19334,72,14.166666666666666
22036,218,26.944444444444443
20528,171,25.88888888888889
20578,221,28.05555555555556
19393,131,20.55555555555556
19210,314,19.33333333333333
18547,16,13.61111111111111
22373,189,25.83333333333333
22571,22,15.555555555555555
19698,71,16.555555555555557
21701,248,27.5
22921,7,13.722222222222223
21232,144,21.888888888888893
20096,104,19.05555555555556
22549,365,16.944444444444443
23013,99,17.444444444444443
19124,228,27.83333333333333
20810,87,19.61111111111111
20933,210,27.61111111111111
18766,235,27.33333333333333
19934,307,21.83333333333333
20173,181,26.5
18568,37,13.88888888888889
21547,94,27.33333333333333
20306,314,20.55555555555556
22028,210,27.444444444444446
21409,321,21.944444444444443
21544,91,15.666666666666666
21715,262,26.27777777777778
20263,271,26.72222222222221
20654,297,21.22222222222222
19427,165,24.33333333333333
19052,156,22.77777777777778
20316,324,20.611111111111107
19534,272,24.166666666666668
20849,126,24.72222222222222
22834,285,26.22222222222222
20480,123,20.0
19358,96,16.77777777777778
20172,180,26.5
21470,17,14.27777777777778
18709,178,26.11111111111111
18582,51,14.166666666666666
22174,356,14.555555555555555
18596,65,16.38888888888889
22078,260,25.611111111111107
19883,256,27.22222222222222
19622,360,14.666666666666666
20054,62,15.77777777777778
22495,311,20.11111111111111
19771,144,21.22222222222222
21594,141,23.111111111111107
21652,199,26.444444444444443
22314,130,19.77777777777777
20046,54,14.5
21107,19,13.22222222222222
19135,239,27.61111111111111
20349,357,17.77777777777778
21901,83,25.27777777777778
21662,209,27.05555555555556
19498,236,27.0
22685,136,21.55555555555556
21822,4,13.555555555555555
22751,202,26.888888888888893
21044,321,21.666666666666668
21364,276,25.27777777777778
19199,303,16.333333333333332
21903,85,16.88888888888889
21412,324,21.444444444444443
22474,290,24.111111111111114
21240,152,22.83333333333333
21722,269,23.77777777777778
20398,41,14.22222222222222
19528,266,25.11111111111111
20320,328,20.88888888888889
22133,315,22.05555555555556
19642,15,15.055555555555555
20259,267,27.27777777777777
19122,226,28.22222222222222
21484,31,14.61111111111111
20670,313,21.0
21074,351,17.055555555555557
21020,297,23.166666666666668
22374,190,25.83333333333333
20896,173,25.777777777777786
23163,249,28.61111111111111
18723,192,26.22222222222222
21078,355,12.77777777777778
22303,119,18.666666666666664
21774,321,18.38888888888889
22317,133,23.000000000000004
22703,154,25.83333333333333
21461,8,15.555555555555555
21706,253,26.333333333333336
19119,223,27.5
20387,30,12.333333333333336
21033,310,21.5
19303,41,10.5
20317,325,21.38888888888889
21884,66,15.055555555555555
20771,48,11.38888888888889
19459,197,26.5
22687,138,21.944444444444443
21014,291,24.0
21320,232,27.722222222222225
20988,265,26.22222222222222
22626,77,16.61111111111111
22819,270,24.83333333333333
21875,57,15.0
20511,154,24.05555555555556
22972,58,15.055555555555555
20679,322,20.27777777777778
21703,250,26.888888888888893
23061,147,22.666666666666668
20569,212,29.77777777777778
20220,228,29.27777777777778
20178,186,26.83333333333333
22214,30,20.88888888888889
18603,72,14.61111111111111
20695,338,17.72222222222222
21139,51,13.055555555555555
18701,170,25.777777777777786
21556,103,17.11111111111111
21432,344,19.05555555555556
19711,84,14.555555555555555
22729,180,26.38888888888889
18629,98,18.22222222222222
19956,329,21.38888888888889
19103,207,26.611111111111114
22637,88,17.944444444444443
22296,112,24.61111111111111
23069,155,23.444444444444443
21888,70,14.27777777777778
21068,345,16.11111111111111
22667,118,23.111111111111107
23042,128,22.22222222222222
19051,155,21.55555555555556
20795,72,17.83333333333333
21733,280,25.55555555555556
21475,22,13.11111111111111
19034,138,20.666666666666668
20159,167,26.72222222222221
19354,92,19.27777777777778
21524,71,14.055555555555554
18537,6,14.5
21181,93,16.5
21994,176,25.666666666666668
20865,142,22.444444444444446
19104,208,27.5
20472,115,18.61111111111111
23007,93,17.0
18743,212,27.55555555555556
20064,72,16.11111111111111
22511,327,20.611111111111107
22193,9,12.77777777777778
20913,190,26.22222222222222
22345,161,25.500000000000004
22394,210,28.166666666666668
19967,340,21.22222222222222
19700,73,15.166666666666666
23172,258,26.666666666666668
22782,233,28.83333333333333
19452,190,27.27777777777777
20725,2,14.77777777777778
21359,271,26.27777777777778
19096,200,27.33333333333333
20372,15,12.666666666666664
20460,103,28.5
20385,28,7.277777777777778
19519,257,25.72222222222222
21927,109,17.333333333333332
19633,6,15.38888888888889
19536,274,24.33333333333333
22763,214,26.77777777777778
22406,222,28.83333333333333
21623,170,25.166666666666668
22688,139,21.666666666666668
19257,361,16.11111111111111
20808,85,17.61111111111111
20579,222,28.277777777777786
19696,69,16.444444444444443
19086,190,26.611111111111114
20517,160,24.0
22631,82,19.111111111111114
20687,330,17.166666666666668
23166,252,27.11111111111111
20783,60,21.166666666666664
19781,154,22.33333333333333
20593,236,28.05555555555556
19853,226,29.27777777777778
23118,204,28.444444444444443
21881,63,23.55555555555556
19484,222,27.33333333333333
19425,163,23.833333333333336
23040,126,20.72222222222222
19416,154,22.22222222222222
23011,97,23.111111111111107
19464,202,26.77777777777778
21173,85,15.77777777777778
23074,160,23.38888888888889
21805,352,14.666666666666666
21274,186,26.944444444444443
21899,81,15.22222222222222
20462,105,18.88888888888889
19803,176,24.944444444444446
20601,244,28.22222222222222
20505,148,22.61111111111111
20609,252,27.61111111111111
19196,300,21.22222222222222
20401,44,14.5
21124,36,17.27777777777778
19715,88,14.833333333333334
19684,57,14.27777777777778
21571,118,17.77777777777778
22262,78,15.166666666666666
19073,177,24.88888888888889
20761,38,12.5
20024,32,14.444444444444445
21417,329,19.77777777777777
19458,196,27.11111111111111
21196,108,18.666666666666664
19040,144,23.33333333333333
20560,203,27.5
20120,128,21.333333333333336
22909,360,13.22222222222222
19111,215,27.77777777777778
21152,64,17.055555555555557
21540,87,14.166666666666666
22764,215,26.888888888888893
20329,337,14.72222222222222
20890,167,24.388888888888893
20809,86,19.111111111111114
19798,171,25.0
21980,162,23.277777777777786
20346,354,16.333333333333332
19533,271,24.33333333333333
21677,224,27.83333333333333
21287,199,28.61111111111111
19366,104,19.166666666666668
19158,262,25.166666666666668
19065,169,24.944444444444446
21117,29,13.166666666666668
20076,84,15.444444444444445
22029,211,28.55555555555556
20531,174,26.55555555555556
22007,189,27.05555555555556
19906,279,26.11111111111111
22313,129,21.0
23124,210,29.444444444444443
22868,319,19.27777777777778
21381,293,25.11111111111111
19449,187,26.77777777777778
19868,241,28.666666666666668
21502,49,18.33333333333333
23037,123,26.38888888888889
22505,321,18.666666666666664
22832,283,24.05555555555556
19779,152,21.944444444444443
19231,335,17.666666666666668
22753,204,26.83333333333333
21177,89,15.61111111111111
20112,120,20.777777777777786
20218,226,29.22222222222222
21342,254,27.61111111111111
21023,300,23.000000000000004
18707,176,25.611111111111107
19747,120,18.55555555555556
21830,12,13.38888888888889
19566,304,22.88888888888889
22563,14,11.277777777777777
20249,257,27.16666666666667
22863,314,19.5
19961,334,19.111111111111114
21499,46,13.777777777777777
19504,242,25.55555555555556
22931,17,13.11111111111111
20022,30,15.0
22810,261,27.666666666666668
22055,237,28.277777777777786
19813,186,28.166666666666668
19607,345,16.88888888888889
19413,151,22.61111111111111
20889,166,25.38888888888889
22312,128,22.5
22364,180,25.222222222222225
22143,325,18.5
21660,207,26.77777777777778
20598,241,28.5
19163,267,25.88888888888889
22297,113,20.777777777777786
21200,112,18.444444444444443
19683,56,15.38888888888889
18772,241,28.5
20277,285,24.111111111111114
19409,147,23.000000000000004
21497,44,15.055555555555555
22363,179,25.0
20179,187,27.05555555555556
22165,347,14.77777777777778
23056,142,21.333333333333336
22938,24,15.444444444444445
19789,162,24.944444444444446
19467,205,26.38888888888889
18665,134,21.5
19810,183,25.38888888888889
19101,205,27.11111111111111
21184,96,22.83333333333333
22397,213,28.77777777777778
19907,280,25.88888888888889
20000,8,13.944444444444445
18991,95,16.61111111111111
20084,92,16.77777777777778
21256,168,25.166666666666668
22156,338,17.11111111111111
21448,360,14.666666666666666
22750,201,27.5
22134,316,24.5
20424,67,13.0
18996,100,17.333333333333332
19121,225,28.22222222222222
21376,288,25.11111111111111
22378,194,28.000000000000004
21681,228,28.22222222222222
22496,312,19.5
19440,178,25.72222222222222
18534,3,13.27777777777778
19007,111,18.55555555555556
21363,275,26.27777777777778
19012,116,16.38888888888889
21877,59,19.444444444444443
21841,23,14.22222222222222
21084,361,18.38888888888889
22678,129,20.222222222222225
22311,127,22.83333333333333
21632,179,25.83333333333333
22063,245,28.5
22843,294,23.277777777777786
22212,28,16.166666666666668
21451,363,15.444444444444445
19861,234,28.000000000000004
20464,107,19.0
20741,18,15.444444444444445
22415,231,28.22222222222222
21228,140,21.666666666666668
21527,74,16.27777777777778
19730,103,27.27777777777777
22041,223,27.16666666666667
18711,180,26.77777777777778
23158,244,28.22222222222222
19120,224,28.05555555555556
20465,108,20.611111111111107
21609,156,23.5
18641,110,16.38888888888889
19426,164,24.0
22475,291,20.777777777777786
21631,178,25.777777777777786
19765,138,24.05555555555556
21036,313,21.166666666666664
19226,330,20.777777777777786
22325,141,23.05555555555556
20136,144,24.388888888888893
22072,254,27.22222222222222
20650,293,23.33333333333333
19327,65,16.0
21000,277,26.0
22855,306,20.777777777777786
19930,303,20.72222222222222
20892,169,24.77777777777777
22460,276,25.500000000000004
22662,113,21.11111111111111
23148,234,27.77777777777778
19818,191,26.0
22412,228,29.55555555555556
19950,323,20.11111111111111
21094,6,12.388888888888888
22359,175,26.333333333333336
20219,227,28.944444444444443
20006,14,14.833333333333334
21557,104,17.0
21427,339,18.88888888888889
21999,181,24.77777777777777
21114,26,13.0
22951,37,12.666666666666664
20303,311,20.777777777777786
19889,262,26.944444444444443
19623,361,15.055555555555555
21477,24,14.333333333333334
22091,273,27.05555555555556
22574,25,15.61111111111111
22560,11,11.72222222222222
21013,290,24.66666666666667
18608,77,15.166666666666666
22976,62,15.5
23070,156,23.33333333333333
22711,162,25.83333333333333
23032,118,19.61111111111111
20236,244,28.05555555555556
20370,13,12.833333333333334
22453,269,27.05555555555556
21263,175,24.88888888888889
21246,158,26.444444444444443
22958,44,15.166666666666666
18541,10,15.0
22846,297,23.33333333333333
22942,28,15.61111111111111
19356,94,16.0
22772,223,27.444444444444446
20103,111,19.111111111111114
20817,94,18.38888888888889
18601,70,14.38888888888889
18561,30,14.22222222222222
21182,94,16.5
20068,76,15.833333333333334
23083,169,24.55555555555556
19586,324,19.5
22987,73,15.22222222222222
21174,86,15.22222222222222
19035,139,21.666666666666668
20510,153,23.77777777777778
21794,341,16.22222222222222
20439,82,15.38888888888889
22615,66,23.77777777777778
20071,79,17.166666666666668
22466,282,25.611111111111107
22736,187,26.944444444444443
20671,314,22.11111111111111
18690,159,25.33333333333333
19617,355,13.11111111111111
20970,247,28.05555555555556
22126,308,25.38888888888889
20286,294,24.27777777777778
22163,345,14.77777777777778
20881,158,23.166666666666668
20720,363,13.944444444444445
23000,86,16.333333333333332
20142,150,22.61111111111111
21748,295,25.11111111111111
19084,188,26.333333333333336
20888,165,24.72222222222222
22040,222,27.5
19285,23,11.277777777777777
20636,279,26.444444444444443
20408,51,14.5
18760,229,27.722222222222225
18569,38,12.555555555555555
20470,113,18.277777777777786
23135,221,27.83333333333333
20944,221,28.38888888888889
20161,169,26.77777777777778
18767,236,27.444444444444446
21700,247,28.000000000000004
20140,148,23.88888888888889
22600,51,16.833333333333332
22962,48,15.38888888888889
20004,12,15.944444444444445
20922,199,27.38888888888889
18669,138,20.72222222222222
20807,84,17.88888888888889
22983,69,17.22222222222222
19088,192,27.0
19182,286,24.61111111111111
22003,185,26.05555555555556
21219,131,21.666666666666668
22653,104,23.444444444444443
19572,310,20.222222222222225
19596,334,16.833333333333332
22097,279,24.05555555555556
22544,360,13.11111111111111
21897,79,13.499999999999998
20056,64,17.88888888888889
21787,334,17.333333333333332
19780,153,22.33333333333333
21729,276,23.833333333333336
20309,317,19.88888888888889
20053,61,15.444444444444445
22281,97,22.83333333333333
21251,163,24.444444444444443
22596,47,13.166666666666668
22800,251,26.888888888888893
20475,118,19.55555555555556
22706,157,27.16666666666667
22548,364,16.444444444444443
21749,296,24.5
21766,313,21.05555555555556
20830,107,19.83333333333333
22471,287,26.27777777777778
22793,244,28.111111111111107
18585,54,14.77777777777778
20928,205,27.27777777777777
22835,286,26.05555555555556
20487,130,19.83333333333333
19531,269,24.5
20740,17,14.833333333333334
20110,118,20.38888888888889
23057,143,21.11111111111111
22353,169,25.38888888888889
22879,330,21.27777777777778
19396,134,20.83333333333333
22227,43,10.0
18681,150,24.66666666666667
20608,251,27.5
20581,224,27.666666666666668
22032,214,27.55555555555556
19067,171,24.05555555555556
19592,330,18.05555555555556
19802,175,25.222222222222225
19241,345,15.27777777777778
19055,159,25.72222222222222
21441,353,17.38888888888889
21593,140,22.5
19769,142,20.11111111111111
22756,207,27.16666666666667
20104,112,18.77777777777778
19714,87,16.555555555555557
19924,297,22.27777777777777
22480,296,26.55555555555556
19339,77,16.22222222222222
22019,201,27.722222222222225
18630,99,21.0
20557,200,28.166666666666668
20643,286,24.388888888888893
18572,41,13.11111111111111
20775,52,12.27777777777778
21223,135,20.88888888888889
18645,114,17.22222222222222
19694,67,15.0
19192,296,22.55555555555556
22245,61,25.27777777777778
19461,199,27.33333333333333
19875,248,27.444444444444446
20699,342,17.166666666666668
20378,21,12.833333333333334
19147,251,27.38888888888889
20302,310,20.777777777777786
21626,173,25.38888888888889
18654,123,18.61111111111111
21162,74,17.444444444444443
20509,152,25.166666666666668
22071,253,27.0
20170,178,25.83333333333333
21286,198,28.5
19132,236,26.55555555555556
22790,241,28.444444444444443
19867,240,28.61111111111111
21659,206,26.944444444444443
22327,143,22.666666666666668
19254,358,17.333333333333332
19441,179,25.88888888888889
20942,219,28.38888888888889
23081,167,24.22222222222221
19142,246,27.05555555555556
20204,212,28.000000000000004
21506,53,13.27777777777778
22960,46,16.22222222222222
19391,129,19.88888888888889
22012,194,26.611111111111114
21426,338,18.33333333333333
20382,25,17.38888888888889
19877,250,27.944444444444443
19742,115,21.333333333333336
22939,25,15.61111111111111
20906,183,25.55555555555556
21627,174,25.611111111111107
21277,189,26.83333333333333
19267,5,14.22222222222222
18693,162,24.05555555555556
20585,228,28.5
21207,119,18.111111111111107
21697,244,27.722222222222225
21665,212,27.16666666666667
20181,189,26.72222222222221
20520,163,25.38888888888889
23127,213,28.88888888888889
20717,360,16.22222222222222
19960,333,22.27777777777777
22725,176,26.05555555555556
21341,253,26.611111111111114
20166,174,26.944444444444443
21304,216,28.5
19450,188,27.22222222222222
21862,44,15.11111111111111
21522,69,15.5
21619,166,24.77777777777777
19302,40,9.833333333333336
20554,197,28.33333333333333
18576,45,16.22222222222222
22517,333,22.88888888888889
22067,249,26.72222222222221
21777,324,18.88888888888889
21121,33,14.38888888888889
22913,364,11.72222222222222
19546,284,23.05555555555556
21147,59,13.88888888888889
22640,91,18.277777777777786
22614,65,16.833333333333332
21800,347,19.5
19904,277,25.55555555555556
22946,32,13.61111111111111
19161,265,27.88888888888889
19317,55,14.11111111111111
22308,124,19.0
21509,56,10.88888888888889
22515,331,20.666666666666668
22047,229,27.38888888888889
21963,145,20.0
22508,324,21.444444444444443
19338,76,13.777777777777777
20235,243,28.944444444444443
20929,206,27.55555555555556
22285,101,23.277777777777786
21153,65,20.05555555555556
19804,177,25.166666666666668
19523,261,25.27777777777778
20055,63,16.944444444444443
22918,4,12.833333333333334
21610,157,23.88888888888889
22994,80,17.27777777777778
20389,32,13.944444444444445
19518,256,26.0
19750,123,20.33333333333333
21538,85,14.88888888888889
20718,361,14.11111111111111
20780,57,16.555555555555557
19485,223,27.27777777777777
21728,275,24.83333333333333
20905,182,26.0
23157,243,28.61111111111111
22147,329,14.833333333333334
19947,320,20.0
21695,242,27.83333333333333
20092,100,17.333333333333332
22565,16,11.77777777777778
19587,325,18.33333333333333
22915,1,11.055555555555555
21908,90,18.55555555555556
22341,157,24.944444444444446
21984,166,23.61111111111111
20264,272,27.5
22997,83,17.944444444444443
18614,83,16.5
20163,171,26.444444444444443
19486,224,26.83333333333333
19545,283,23.55555555555556
21852,34,12.333333333333336
19761,134,20.38888888888889
22709,160,24.444444444444443
18673,142,23.666666666666664
20271,279,26.333333333333336
19605,343,18.000000000000004
20395,38,12.5
20111,119,19.55555555555556
20564,207,27.61111111111111
22652,103,22.444444444444446
22551,2,16.055555555555557
19245,349,15.22222222222222
22084,266,26.444444444444443
21156,68,16.944444444444443
22346,162,25.222222222222225
20533,176,26.27777777777778
19972,345,15.88888888888889
19975,348,17.555555555555557
18653,122,19.55555555555556
21961,143,20.72222222222222
21019,296,21.83333333333333
22445,261,28.111111111111107
22768,219,27.444444444444446
21086,363,17.77777777777778
18738,207,27.05555555555556
20582,225,27.944444444444443
22273,89,17.22222222222222
22722,173,25.11111111111111
20117,125,22.83333333333333
22807,258,27.33333333333333
21997,179,25.05555555555556
22379,195,27.33333333333333
22243,59,16.77777777777778
19004,108,19.72222222222222
19738,111,18.111111111111107
21864,46,11.77777777777778
20148,156,25.11111111111111
19590,328,20.0
20275,283,24.83333333333333
18667,136,20.55555555555556
21954,136,20.611111111111107
20237,245,28.22222222222222
19589,327,17.83333333333333
21154,66,24.944444444444446
19560,298,22.5
19629,2,11.944444444444445
20765,42,16.055555555555557
19150,254,26.333333333333336
22290,106,18.000000000000004
22411,227,29.666666666666668
22655,106,16.72222222222222
19483,221,27.22222222222222
19214,318,19.72222222222222
21061,338,15.61111111111111
19194,298,21.333333333333336
21699,246,27.61111111111111
19502,240,26.05555555555556
19754,127,21.666666666666668
22130,312,23.38888888888889
19529,267,25.0
21910,92,18.444444444444443
19006,110,17.0
18543,12,12.555555555555555
20186,194,28.38888888888889
20773,50,14.333333333333334
21684,231,27.83333333333333
22270,86,16.166666666666668
22929,15,12.77777777777778
21332,244,27.5
19411,149,22.444444444444446
20622,265,27.22222222222222
19394,132,21.0
21442,354,16.38888888888889
22797,248,27.55555555555556
21751,298,23.444444444444443
20572,215,28.72222222222222
20607,250,27.38888888888889
19439,177,25.83333333333333
22928,14,13.055555555555555
20655,298,17.0
19328,66,13.166666666666668
22247,63,16.61111111111111
20365,8,13.722222222222223
21414,326,21.72222222222221
21714,261,26.5
19049,153,22.88888888888889
18651,120,19.111111111111114
18732,201,26.944444444444443
22184,366,15.22222222222222
20644,287,25.666666666666668
21011,288,24.944444444444446
20203,211,27.83333333333333
22677,128,21.0
20924,201,27.5
21215,127,19.22222222222221
20451,94,18.944444444444443
19973,346,16.0
21592,139,22.22222222222222
19702,75,18.22222222222222
22869,320,19.22222222222221
20596,239,28.61111111111111
19958,331,21.444444444444443
19571,309,18.833333333333336
18747,216,27.5
20405,48,14.72222222222222
22657,108,20.444444444444443
19128,232,27.722222222222225
18559,28,13.88888888888889
23010,96,19.77777777777777
19492,230,26.5
20612,255,27.27777777777777
19216,320,22.444444444444446
20943,220,28.61111111111111
20261,269,26.72222222222221
20762,39,13.444444444444446
21801,348,20.666666666666668
19652,25,14.77777777777778
21045,322,15.72222222222222
21297,209,28.38888888888889
21676,223,28.000000000000004
21377,289,22.55555555555556
19357,95,16.72222222222222
20180,188,26.666666666666668
21759,306,23.111111111111107
21588,135,23.166666666666668
20551,194,28.277777777777786
21923,105,18.111111111111107
20175,183,26.72222222222221
18664,133,21.22222222222222
19018,122,27.05555555555556
22053,235,27.11111111111111
19301,39,8.055555555555555
21778,325,18.88888888888889
22148,330,16.38888888888889
19666,39,15.944444444444445
22759,210,27.22222222222222
19735,108,19.66666666666667
19990,363,15.166666666666666
19130,234,27.22222222222222
22140,322,21.888888888888893
19656,29,15.11111111111111
20544,187,27.5
21235,147,22.38888888888889
22183,365,16.88888888888889
21043,320,21.38888888888889
21872,54,12.72222222222222
22953,39,13.38888888888889
19462,200,28.111111111111107
22969,55,17.83333333333333
19149,253,26.72222222222221
21211,123,19.61111111111111
21218,130,22.0
19793,166,25.0
19335,73,14.555555555555555
20131,139,23.22222222222222
21140,52,14.000000000000002
19827,200,25.72222222222222
20262,270,27.16666666666667
20885,162,24.83333333333333
19763,136,20.444444444444443
21501,48,15.944444444444445
21831,13,13.333333333333334
22566,17,12.72222222222222
20586,229,28.5
22113,295,24.111111111111114
20588,231,28.55555555555556
19392,130,20.0
21096,8,12.888888888888893
20280,288,24.77777777777777
18580,49,14.055555555555554
19053,157,23.61111111111111
20649,292,23.277777777777786
20438,81,14.5
20583,226,28.22222222222222
20973,250,29.0
21926,108,17.666666666666668
21480,27,16.38888888888889
19406,144,22.27777777777777
22947,33,13.38888888888889
19621,359,15.72222222222222
18773,242,28.000000000000004
21224,136,20.38888888888889
20042,50,14.88888888888889
19075,179,26.27777777777778
23110,196,26.944444444444443
22752,203,26.666666666666668
22608,59,17.27777777777778
21622,169,25.611111111111107
21678,225,28.05555555555556
21405,317,21.05555555555556
21739,286,22.11111111111111
22838,289,23.05555555555556
21630,177,25.88888888888889
21180,92,14.61111111111111
21618,165,24.5
20696,339,18.88888888888889
21133,45,14.72222222222222
19256,360,15.88888888888889
20542,185,27.27777777777777
21725,272,24.166666666666668
21423,335,17.166666666666668
22526,342,19.111111111111114
19506,244,26.22222222222222
22205,21,14.555555555555555
19941,314,20.88888888888889
19212,316,24.66666666666667
22826,277,25.666666666666668
19649,22,16.22222222222222
21576,123,22.666666666666668
22107,289,25.33333333333333
20648,291,24.66666666666667
19578,316,19.72222222222222
22715,166,25.166666666666668
19003,107,20.222222222222225
19815,188,25.444444444444443
20752,29,13.0
22645,96,17.61111111111111
22875,326,18.666666666666664
18639,108,19.27777777777778
22027,209,27.55555555555556
22562,13,11.61111111111111
21395,307,25.666666666666668
19847,220,29.77777777777778
19312,50,14.666666666666666
19470,208,27.38888888888889
22527,343,20.222222222222225
22813,264,27.27777777777777
18770,239,27.944444444444443
21187,99,17.11111111111111
22699,150,24.444444444444443
22944,30,13.88888888888889
21782,329,18.33333333333333
20239,247,28.666666666666668
21690,237,27.22222222222222
22638,89,17.77777777777778
20834,111,22.22222222222222
20969,246,28.22222222222222
20512,155,24.166666666666668
21444,356,11.833333333333332
19746,119,18.277777777777786
20859,136,20.05555555555556
20289,297,23.944444444444443
19931,304,21.5
22513,329,20.166666666666668
20767,44,14.555555555555555
19655,28,15.333333333333334
18736,205,26.888888888888893
18722,191,26.77777777777778
19225,329,20.11111111111111
22555,6,17.27777777777778
20843,120,29.0
19174,278,23.5
20590,233,28.05555555555556
18976,80,15.22222222222222
19347,85,12.333333333333336
21473,20,13.0
22650,101,18.38888888888889
22117,299,24.66666666666667
19959,332,20.38888888888889
21262,174,25.222222222222225
22491,307,19.166666666666668
21895,77,13.88888888888889
21829,11,14.61111111111111
18640,109,17.77777777777778
20147,155,23.61111111111111
19845,218,29.166666666666668
20723,366,15.38888888888889
21034,311,20.666666666666668
20999,276,27.22222222222222
19162,266,26.444444444444443
22602,53,16.555555555555557
23045,131,22.33333333333333
23076,162,24.33333333333333
23072,158,23.88888888888889
21420,332,19.61111111111111
20724,1,16.555555555555557
20421,64,15.38888888888889
19703,76,14.77777777777778
21892,74,15.333333333333334
21028,305,22.38888888888889
21075,352,14.833333333333334
20088,96,18.61111111111111
20626,269,27.0
22507,323,19.27777777777778
20920,197,26.944444444444443
22249,65,17.38888888888889
19552,290,25.27777777777778
19197,301,20.72222222222222
18986,90,19.166666666666668
19693,66,15.444444444444445
23094,180,28.277777777777786
19038,142,21.444444444444443
22817,268,25.88888888888889
19905,278,26.0
19415,153,23.111111111111107
20367,10,13.88888888888889
21457,4,16.72222222222222
22501,317,17.11111111111111
18676,145,23.000000000000004
22605,56,18.444444444444443
21976,158,24.166666666666668
20265,273,27.11111111111111
21422,334,17.5
18573,42,13.499999999999998
23082,168,24.33333333333333
20366,9,12.388888888888888
20051,59,15.11111111111111
22945,31,15.61111111111111
21041,318,23.33333333333333
20745,22,13.0
20481,124,21.77777777777778
23044,130,29.666666666666668
21355,267,25.166666666666668
21318,230,28.05555555555556
21053,330,18.166666666666668
21767,314,19.111111111111114
20295,303,23.277777777777786
21753,300,24.166666666666668
20828,105,18.38888888888889
21598,145,23.111111111111107
21771,318,18.05555555555556
21661,208,26.83333333333333
20430,73,16.11111111111111
21990,172,25.05555555555556
19126,230,28.000000000000004
20967,244,27.27777777777777
19824,197,25.944444444444443
18719,188,27.11111111111111
20589,232,28.5
22690,141,22.16666666666667
18983,87,16.5
19273,11,14.166666666666666
19092,196,26.55555555555556
19013,117,18.72222222222222
20535,178,26.22222222222222
23049,135,21.05555555555556
20276,284,23.944444444444443
22390,206,28.38888888888889
18993,97,17.444444444444443
23051,137,21.333333333333336
18764,233,27.55555555555556
19348,86,12.944444444444445
21683,230,27.55555555555556
20757,34,15.055555555555555
22354,170,26.5
19063,167,24.944444444444446
19697,70,18.666666666666664
21295,207,27.944444444444443
19521,259,25.83333333333333
21329,241,27.27777777777777
18600,69,15.055555555555555
20518,161,25.05555555555556
19759,132,20.444444444444443
19966,339,19.5
23125,211,29.5
20005,13,14.555555555555555
22881,332,16.77777777777778
22894,345,18.000000000000004
21956,138,20.500000000000004
20567,210,29.444444444444443
21717,264,26.22222222222222
21668,215,27.77777777777778
21093,5,13.499999999999998
21168,80,16.88888888888889
20602,245,27.444444444444446
21511,58,11.833333333333332
22070,252,28.000000000000004
21066,343,17.11111111111111
22146,328,15.5
23103,189,27.0
20616,259,26.5
19375,113,23.833333333333336
20746,23,13.499999999999998
19524,262,26.05555555555556
19260,364,14.38888888888889
21775,322,18.000000000000004
19640,13,14.555555555555555
22121,303,24.166666666666668
22298,114,18.77777777777778
19988,361,15.27777777777778
19849,222,29.88888888888889
19783,156,23.33333333333333
20211,219,28.277777777777786
20541,184,28.000000000000004
21233,145,22.444444444444446
20930,207,27.444444444444446
20167,175,26.166666666666664
21526,73,15.22222222222222
20031,39,14.555555555555555
21834,16,16.555555555555557
21839,21,14.666666666666666
18677,146,22.722222222222225
18540,9,13.944444444444445
23165,251,28.166666666666668
19129,233,27.444444444444446
21845,27,13.833333333333334
18612,81,17.22222222222222
18694,163,24.55555555555556
22569,20,15.5
18735,204,26.666666666666668
19873,246,25.777777777777786
20257,265,26.55555555555556
20664,307,19.83333333333333
22253,69,14.444444444444445
19094,198,26.55555555555556
20228,236,29.55555555555556
22831,282,24.77777777777777
19224,328,18.77777777777778
19963,336,17.72222222222222
18545,14,14.61111111111111
20014,22,18.05555555555556
23001,87,15.833333333333334
21313,225,28.61111111111111
19114,218,27.27777777777777
21744,291,22.722222222222225
19029,133,26.72222222222221
20428,71,14.61111111111111
23086,172,25.500000000000004
19497,235,26.05555555555556
19829,202,26.83333333333333
22322,138,22.666666666666668
18616,85,14.61111111111111
22450,266,27.77777777777778
19821,194,26.666666666666668
22721,172,25.11111111111111
21410,322,23.166666666666668
19080,184,26.05555555555556
19732,105,24.444444444444443
22954,40,13.666666666666666
22328,144,22.944444444444443
21840,22,17.055555555555557
18591,60,14.22222222222222
21968,150,21.333333333333336
20736,13,15.0
20794,71,18.000000000000004
20391,34,14.333333333333334
22816,267,25.72222222222222
21601,148,22.666666666666668
19728,101,24.66666666666667
22740,191,26.666666666666668
19840,213,27.61111111111111
22708,159,24.5
22190,6,13.499999999999998
22331,147,24.77777777777777
22092,274,26.888888888888893
20491,134,21.0
21868,50,13.88888888888889
23141,227,27.5
22815,266,26.27777777777778
21920,102,17.666666666666668
22275,91,19.33333333333333
19176,280,24.111111111111114
21392,304,22.88888888888889
19215,319,19.944444444444446
22683,134,22.11111111111111
22865,316,20.222222222222225
19884,257,27.83333333333333
20647,290,23.277777777777786
19454,192,27.22222222222222
21809,356,15.055555555555555
20866,143,22.722222222222225
21390,302,23.444444444444443
22342,158,25.27777777777778
21663,210,27.11111111111111
22735,186,26.72222222222221
18538,7,16.11111111111111
20637,280,26.444444444444443
22409,225,28.83333333333333
22160,342,15.22222222222222
20345,353,15.555555555555555
20165,173,26.944444444444443
18657,126,18.55555555555556
21010,287,25.777777777777786
21396,308,23.61111111111111
21585,132,22.5
19447,185,27.38888888888889
21528,75,17.166666666666668
22035,217,27.944444444444443
19127,231,27.722222222222225
22444,260,28.111111111111107
18752,221,27.38888888888889
19751,124,20.72222222222222
21563,110,17.5
20025,33,15.22222222222222
19807,180,26.72222222222221
18590,59,14.77777777777778
19306,44,12.055555555555555
21508,55,11.77777777777778
19553,291,22.444444444444446
22226,42,9.611111111111107
20779,56,14.555555555555555
21689,236,27.11111111111111
20845,122,20.72222222222222
21587,134,22.666666666666668
19442,180,25.944444444444443
22883,334,17.77777777777778
20715,358,15.055555555555555
22075,257,26.0
20085,93,16.88888888888889
21873,55,15.055555555555555
19949,322,20.33333333333333
19903,276,25.83333333333333
20444,87,16.333333333333332
19456,194,28.277777777777786
20566,209,28.33333333333333
19791,164,26.11111111111111
19326,64,14.61111111111111
20975,252,26.55555555555556
20672,315,20.0
20290,298,24.33333333333333
21985,167,24.05555555555556
23089,175,27.61111111111111
22891,342,15.5
21109,21,15.055555555555555
21666,213,27.38888888888889
19595,333,21.11111111111111
20936,213,27.666666666666668
21675,222,28.33333333333333
20555,198,28.000000000000004
19514,252,26.05555555555556
22833,284,26.38888888888889
20603,246,27.88888888888889
21803,350,17.61111111111111
19559,297,19.83333333333333
21361,273,27.944444444444443
21718,265,25.83333333333333
23059,145,22.88888888888889
19193,297,21.888888888888893
18584,53,13.11111111111111
20624,267,27.05555555555556
22272,88,17.38888888888889
18552,21,10.833333333333334
18726,195,26.55555555555556
19993,1,15.055555555555555
21102,14,11.944444444444445
19852,225,28.5
22886,337,17.22222222222222
19997,5,15.166666666666666
21437,349,15.27777777777778
21653,200,26.83333333333333
20267,275,26.444444444444443
21293,205,28.5
21552,99,17.166666666666668
20574,217,28.944444444444443
22745,196,27.61111111111111
20553,196,28.05555555555556
21793,340,14.5
22636,87,16.88888888888889
19323,61,14.5
19095,199,27.33333333333333
22666,117,19.61111111111111
21934,116,18.111111111111107
21664,211,27.5
21056,333,17.88888888888889
19428,166,24.5
21762,309,22.88888888888889
20417,60,13.61111111111111
19206,310,19.111111111111114
20108,116,20.38888888888889
19914,287,26.72222222222221
20504,147,22.722222222222225
20003,11,14.77777777777778
20532,175,25.88888888888889
22579,30,12.77777777777778
22141,323,20.222222222222225
19866,239,27.666666666666668
22686,137,21.72222222222221
23101,187,26.05555555555556
19535,273,22.11111111111111
22118,300,24.77777777777777
21076,353,15.61111111111111
19295,33,11.833333333333332
23078,164,24.388888888888893
23144,230,27.61111111111111
19050,154,22.666666666666668
20422,65,15.055555555555555
19686,59,14.88888888888889
22538,354,14.5
21360,272,27.722222222222225
19340,78,14.77777777777778
19870,243,28.05555555555556
20410,53,15.333333333333334
23005,91,17.555555555555557
18689,158,23.944444444444443
20823,100,19.05555555555556
21375,287,26.05555555555556
20777,54,13.38888888888889
20798,75,17.555555555555557
21919,101,17.22222222222222
23085,171,25.55555555555556
20466,109,21.444444444444443
22632,83,21.944444444444443
19079,183,26.333333333333336
20145,153,23.444444444444443
21354,266,25.777777777777786
19178,282,24.22222222222221
22139,321,24.0
21651,198,26.22222222222222
20454,97,21.611111111111114
22440,256,27.5
19243,347,16.11111111111111
22720,171,25.55555555555556
18550,19,12.555555555555555
21065,342,18.55555555555556
19385,123,18.22222222222222
20748,25,15.166666666666666
19512,250,25.666666666666668
18579,48,14.61111111111111
22025,207,26.83333333333333
20747,24,14.11111111111111
21098,10,8.444444444444446
21655,202,26.888888888888893
20298,306,22.944444444444443
22388,204,28.77777777777778
21790,337,16.5
20591,234,28.05555555555556
22014,196,28.38888888888889
20455,98,18.61111111111111
21143,55,18.33333333333333
21281,193,27.33333333333333
19811,184,26.22222222222222
19989,362,16.72222222222222
20039,47,14.833333333333334
19776,149,21.666666666666668
21330,242,27.22222222222222
20445,88,17.166666666666668
20047,55,14.944444444444445
20703,346,16.555555555555557
18660,129,17.72222222222222
22955,41,14.333333333333334
19820,193,25.777777777777786
21846,28,13.333333333333334
20044,52,12.833333333333334
19872,245,27.61111111111111
20743,20,14.27777777777778
22792,243,28.166666666666668
21550,97,18.05555555555556
22691,142,22.944444444444443
20873,150,23.111111111111107
20663,306,20.611111111111107
22427,243,29.33333333333333
20094,102,18.38888888888889
20950,227,28.666666666666668
22961,47,15.61111111111111
21870,52,14.444444444444445
21914,96,16.444444444444443
23109,195,27.16666666666667
20050,58,15.72222222222222
21646,193,26.55555555555556
22211,27,14.11111111111111
22937,23,13.777777777777777
22252,68,16.166666666666668
19796,169,24.61111111111111
21816,363,14.333333333333334
23164,250,29.0
20675,318,18.833333333333336
20328,336,16.166666666666668
20527,170,26.333333333333336
19089,193,26.333333333333336
20360,3,18.166666666666668
19619,357,14.11111111111111
21049,326,18.05555555555556
22692,143,22.61111111111111
19627,365,16.11111111111111
19228,332,18.88888888888889
21220,132,21.333333333333336
21265,177,26.0
21389,301,23.111111111111107
19909,282,25.666666666666668
19562,300,22.55555555555556
22157,339,17.0
19404,142,21.333333333333336
21290,202,27.722222222222225
22674,125,20.444444444444443
22522,338,19.944444444444446
22142,324,17.72222222222222
18671,140,22.83333333333333
21279,191,27.61111111111111
21513,60,15.72222222222222
18982,86,13.722222222222223
19077,181,26.22222222222222
22564,15,10.999999999999998
19532,270,26.77777777777778
19766,139,21.05555555555556
19177,281,24.61111111111111
20095,103,17.83333333333333
22770,221,27.722222222222225
21871,53,12.333333333333336
19659,32,13.0
18575,44,17.666666666666668
21269,181,26.666666666666668
22405,221,28.83333333333333
20946,223,28.000000000000004
22422,238,28.72222222222222
19005,109,17.77777777777778
21763,310,22.77777777777778
19249,353,17.055555555555557
19213,317,23.944444444444443
19270,8,16.166666666666668
20116,124,22.27777777777777
19636,9,12.22222222222222
19002,106,14.944444444444445
18765,234,27.88888888888889
22255,71,13.833333333333334
23088,174,26.166666666666664
20882,159,23.33333333333333
19022,126,19.5
19472,210,27.0
19250,354,15.77777777777778
19550,288,26.05555555555556
22482,298,22.27777777777777
21595,142,22.444444444444446
21719,266,25.944444444444443
20497,140,21.944444444444443
19555,293,22.27777777777777
19568,306,21.666666666666668
21924,106,18.33333333333333
19014,118,19.66666666666667
22779,230,27.83333333333333
21573,120,18.000000000000004
21193,105,25.666666666666668
22673,124,20.83333333333333
20897,174,24.83333333333333
23015,101,17.61111111111111
21476,23,13.88888888888889
23020,106,17.944444444444443
22207,23,15.166666666666666
22510,326,16.555555555555557
21469,16,15.333333333333334
22185,1,15.22222222222222
22627,78,19.27777777777778
20396,39,13.11111111111111
21909,91,18.22222222222222
19044,148,22.55555555555556
20645,288,23.77777777777778
21946,128,21.666666666666668
21401,313,24.0
20799,76,17.0
19558,296,20.166666666666668
22887,338,18.000000000000004
20597,240,28.5
22818,269,25.72222222222222
21993,175,24.388888888888893
20356,364,16.555555555555557
20576,219,27.944444444444443
20355,363,14.944444444444445
19938,311,22.11111111111111
19635,8,14.61111111111111
19736,109,19.27777777777778
21882,64,31.05555555555556
22291,107,18.000000000000004
19964,337,17.944444444444443
22043,225,27.61111111111111
21372,284,25.611111111111107
23029,115,19.27777777777778
22830,281,25.88888888888889
18609,78,16.333333333333332
20226,234,30.05555555555556
18994,98,16.5
18730,199,26.83333333333333
21134,46,14.61111111111111
19460,198,27.0
22289,105,18.61111111111111
21338,250,27.444444444444446
21696,243,27.88888888888889
21575,122,20.944444444444443
22144,326,19.66666666666667
19167,271,25.55555555555556
22777,228,27.33333333333333
21209,121,19.111111111111114
22821,272,29.05555555555556
22791,242,28.88888888888889
21796,343,16.0
18638,107,20.38888888888889
20951,228,28.5
20007,15,13.833333333333334
19805,178,25.500000000000004
19251,355,15.0
20543,186,27.88888888888889
21586,133,22.666666666666668
20496,139,23.55555555555556
22906,357,14.5
21472,19,13.444444444444446
19371,109,18.22222222222222
22004,186,26.444444444444443
20782,59,17.333333333333332
20132,140,23.5
21922,104,17.77777777777778
21642,189,27.11111111111111
19036,140,21.444444444444443
22712,163,24.88888888888889
20635,278,29.55555555555556
22081,263,26.83333333333333
22603,54,20.33333333333333
19045,149,22.38888888888889
21079,356,12.5
20115,123,21.944444444444443
21726,273,22.77777777777778
21566,113,18.944444444444443
23151,237,28.444444444444443
20406,49,13.777777777777777
21192,104,25.0
20571,214,29.27777777777778
19863,236,28.111111111111107
19647,20,13.27777777777778
19381,119,17.166666666666668
22502,318,18.77777777777778
22191,7,13.27777777777778
21911,93,20.0
22400,216,29.55555555555556
19331,69,13.0
21309,221,28.944444444444443
18992,96,17.22222222222222
21430,342,18.277777777777786
20784,61,17.83333333333333
21965,147,20.72222222222222
21347,259,27.11111111111111
21519,66,16.22222222222222
22449,265,28.444444444444443
23120,206,28.666666666666668
23143,229,27.61111111111111
20388,31,12.666666666666664
22428,244,29.05555555555556
20658,301,19.5
22609,60,17.944444444444443
20819,96,17.5
21938,120,20.166666666666668
19752,125,22.77777777777778
20900,177,24.66666666666667
23090,176,26.38888888888889
18633,102,15.333333333333334
21398,310,21.5
20861,138,21.27777777777778
20299,307,25.777777777777786
22512,328,20.55555555555556
19706,79,14.444444444444445
20719,362,13.499999999999998
20045,53,14.166666666666666
20501,144,20.944444444444443
21704,251,25.944444444444443
20996,273,25.222222222222225
20268,276,26.72222222222221
19244,348,15.333333333333334
20266,274,27.33333333333333
21724,271,25.0
19981,354,14.88888888888889
22020,202,27.88888888888889
20927,204,27.0
19951,324,21.77777777777778
22923,9,13.666666666666666
21716,263,25.72222222222222
22798,249,27.38888888888889
22386,202,29.72222222222222
22220,36,12.833333333333334
21939,121,19.27777777777778
18679,148,23.444444444444443
22680,131,21.38888888888889
22622,73,18.77777777777778
20891,168,24.83333333333333
20604,247,27.5
22936,22,12.444444444444445
23066,152,22.722222222222225
21734,281,24.444444444444443
19912,285,27.33333333333333
21085,362,19.27777777777778
21757,304,21.888888888888893
21030,307,21.0
19047,151,24.166666666666668
21746,293,23.166666666666668
21264,176,25.166666666666668
22556,7,16.88888888888889
19968,341,22.05555555555556
22237,53,14.000000000000002
22506,322,19.72222222222222
22874,325,20.500000000000004
20832,109,20.0
22001,183,26.11111111111111
18684,153,23.05555555555556
22158,340,17.055555555555557
20429,72,16.0
21416,328,21.55555555555556
22892,343,20.33333333333333
20457,100,17.77777777777778
20908,185,25.88888888888889
22707,158,25.83333333333333
20871,148,24.77777777777777
18587,56,13.944444444444445
21952,134,20.222222222222225
20495,138,24.0
19753,126,24.111111111111114
19833,206,27.11111111111111
21982,164,23.666666666666664
20097,105,20.33333333333333
22319,135,21.611111111111114
20128,136,21.72222222222221
21702,249,26.55555555555556
20483,126,20.27777777777778
18987,91,16.61111111111111
20067,75,17.0
20974,251,27.55555555555556
20619,262,26.77777777777778
21789,336,15.11111111111111
19658,31,13.944444444444445
22975,61,15.833333333333334
21833,15,15.5
19070,174,24.444444444444443
19289,27,12.611111111111112
21898,80,14.166666666666666
20932,209,27.38888888888889
20534,177,26.5
20760,37,13.22222222222222
21421,333,18.38888888888889
20847,124,19.0
19457,195,27.83333333333333
22241,57,16.22222222222222
18672,141,21.05555555555556
20698,341,17.166666666666668
19864,237,27.38888888888889
19795,168,24.77777777777777
22948,34,14.666666666666666
19321,59,13.333333333333334
20659,302,20.0
18623,92,15.444444444444445
19690,63,17.11111111111111
22989,75,13.944444444444445
22351,167,25.0
20446,89,15.27777777777778
18634,103,19.111111111111114
20684,327,16.88888888888889
21345,257,27.11111111111111
20702,345,14.77777777777778
22424,240,28.72222222222222
22597,48,13.722222222222223
19928,301,23.61111111111111
21176,88,15.27777777777778
20971,248,27.83333333333333
21077,354,14.72222222222222
18740,209,27.33333333333333
19969,342,21.05555555555556
19463,201,27.05555555555556
23003,89,18.166666666666668
18551,20,12.22222222222222
20109,117,20.500000000000004
18586,55,13.833333333333334
20677,320,20.611111111111107
21141,53,15.22222222222222
19854,227,29.22222222222222
21955,137,20.777777777777786
22129,311,23.33333333333333
22377,193,26.333333333333336
21163,75,17.166666666666668
20354,362,16.22222222222222
22943,29,14.444444444444445
21832,14,14.11111111111111
19490,228,27.27777777777777
21449,361,15.555555555555555
19893,266,26.38888888888889
20948,225,28.55555555555556
21009,286,26.611111111111114
22260,76,17.0
22717,168,24.55555555555556
20855,132,23.33333333333333
23030,116,19.33333333333333
21336,248,27.16666666666667
20386,29,11.277777777777777
21886,68,13.722222222222223
21459,6,17.72222222222222
20138,146,22.61111111111111
21814,361,13.555555555555555
23112,198,27.27777777777777
22804,255,28.000000000000004
19913,286,30.38888888888889
21106,18,13.055555555555555
22238,54,14.5
21768,315,20.05555555555556
18570,39,11.61111111111111
22525,341,17.944444444444443
21815,362,13.0
19842,215,28.000000000000004
21967,149,21.611111111111114
22675,126,22.666666666666668
19074,178,25.33333333333333
20344,352,16.555555555555557
21213,125,19.944444444444446
22509,325,18.22222222222222
21047,324,16.11111111111111
19028,132,21.5
21216,128,19.444444444444443
20494,137,21.72222222222221
22589,40,14.000000000000002
19503,241,25.777777777777786
21082,359,14.5
19744,117,18.666666666666664
22384,200,27.77777777777778
22286,102,31.38888888888889
21007,284,25.27777777777778
20479,122,19.05555555555556
21554,101,15.88888888888889
22085,267,25.666666666666668
19551,289,25.944444444444443
19217,321,21.77777777777778
21808,355,14.333333333333334
19740,113,18.166666666666668
20087,95,19.83333333333333
19465,203,27.16666666666667
20231,239,28.444444444444443
22274,90,24.77777777777777
21639,186,26.77777777777778
22862,313,20.0
22010,192,27.33333333333333
19774,147,22.77777777777778
22718,169,24.77777777777777
20009,17,13.944444444444445
21731,278,24.72222222222222
21310,222,28.166666666666668
19170,274,25.500000000000004
21736,283,25.0
21111,23,13.444444444444446
23092,178,27.11111111111111
21614,161,23.666666666666664
21170,82,18.666666666666664
22425,241,28.55555555555556
20931,208,26.888888888888893
21125,37,18.61111111111111
21166,78,17.77777777777778
21440,352,18.000000000000004
21383,295,22.77777777777778
19299,37,9.22222222222222
21495,42,13.166666666666668
18737,206,26.666666666666668
20500,143,21.611111111111114
22413,229,28.72222222222222
20332,340,17.055555555555557
23107,193,26.5
21245,157,22.77777777777778
19397,135,21.166666666666664
23038,124,21.666666666666668
21137,49,15.77777777777778
22966,52,16.88888888888889
18621,90,16.666666666666668
19383,121,19.66666666666667
19500,238,26.27777777777778
19816,189,25.666666666666668
21067,344,16.27777777777778
19563,301,23.166666666666668
20021,29,13.499999999999998
20711,354,16.333333333333332
21894,76,13.27777777777778
20336,344,17.27777777777778
22801,252,27.05555555555556
22283,99,18.666666666666664
18675,144,25.0
19525,263,25.611111111111107
20868,145,23.38888888888889
22369,185,26.444444444444443
20682,325,19.22222222222221
20993,270,26.22222222222222
21515,62,16.5
21983,165,23.5
18703,172,26.0
19148,252,26.72222222222221
21486,33,16.0
19152,256,25.83333333333333
23116,202,27.11111111111111
20086,94,16.944444444444443
21893,75,15.055555555555555
22774,225,28.000000000000004
19099,203,27.5
21248,160,27.33333333333333
21890,72,15.61111111111111
19479,217,27.16666666666667
18605,74,19.77777777777777
22299,115,18.55555555555556
22964,50,14.444444444444445
20052,60,15.666666666666666
21048,325,19.0
21210,122,18.833333333333336
20806,83,18.666666666666664
21837,19,13.944444444444445
21280,192,27.38888888888889
21572,119,17.22222222222222
20305,313,20.72222222222222
21042,319,21.5
19996,4,15.833333333333334
22122,304,23.111111111111107
20917,194,26.666666666666668
22968,54,16.055555555555557
20816,93,19.22222222222221
22366,182,25.72222222222222
21206,118,17.83333333333333
19369,107,15.5
22601,52,17.055555555555557
23036,122,21.166666666666664
22021,203,27.27777777777777
19846,219,29.33333333333333
20213,221,28.666666666666668
19370,108,15.666666666666666
20269,277,25.72222222222222
20853,130,20.33333333333333
21525,72,15.833333333333334
20669,312,19.388888888888893
22518,334,19.88888888888889
20620,263,27.5
21071,348,16.166666666666668
18710,179,27.55555555555556
19236,340,18.111111111111107
22899,350,14.944444444444445
19222,326,19.72222222222222
22006,188,26.666666666666668
22539,355,15.22222222222222
21090,2,16.0
21654,201,27.666666666666668
22240,56,15.61111111111111
19620,358,15.666666666666666
19939,312,22.11111111111111
20507,150,23.05555555555556
20133,141,23.05555555555556
19008,112,17.38888888888889
22438,254,27.27777777777777
19499,237,26.611111111111114
21058,335,17.11111111111111
20415,58,14.000000000000002
20149,157,25.611111111111107
22658,109,20.11111111111111
20416,59,13.666666666666666
19758,131,20.55555555555556
20911,188,25.611111111111107
21369,281,25.222222222222225
21747,294,24.444444444444443
22079,261,24.944444444444446
20661,304,21.611111111111114
22018,200,26.83333333333333
20279,287,25.166666666666668
19054,158,24.5
18716,185,27.0
21880,62,18.22222222222222
21842,24,12.833333333333334
21819,1,13.777777777777777
22689,140,22.55555555555556
20846,123,20.05555555555556
19579,317,19.0
23019,105,18.000000000000004
19277,15,15.166666666666666
19927,300,22.944444444444443
19541,279,23.944444444444443
21089,1,14.055555555555554
21649,196,26.333333333333336
19902,275,25.88888888888889
18742,211,27.05555555555556
22771,222,27.33333333333333
21366,278,23.61111111111111
18597,66,16.333333333333332
19606,344,17.77777777777778
22042,224,27.61111111111111
22641,92,18.277777777777786
23115,201,27.33333333333333
19899,272,26.27777777777778
22145,327,17.166666666666668
19792,165,26.666666666666668
21178,90,20.83333333333333
19076,180,26.22222222222222
22654,105,20.166666666666668
19618,356,12.388888888888888
20319,327,21.666666666666668
19107,211,27.83333333333333
21481,28,15.166666666666666
21103,15,13.722222222222223
21425,337,19.05555555555556
19632,5,13.444444444444446
22679,130,20.33333333333333
21738,285,22.666666666666668
22109,291,26.11111111111111
20118,126,22.722222222222225
21252,164,24.388888888888893
22672,123,21.0
18628,97,16.666666666666668
21707,254,27.05555555555556
21494,41,11.38888888888889
22088,270,26.444444444444443
22949,35,13.166666666666668
18661,130,18.77777777777778
21418,330,18.277777777777786
20937,214,27.61111111111111
20453,96,17.88888888888889
20803,80,18.33333333333333
23105,191,27.16666666666667
21721,268,24.77777777777777
22660,111,20.222222222222225
22543,359,14.166666666666666
19105,209,28.33333333333333
20606,249,27.444444444444446
21358,270,26.22222222222222
20934,211,27.55555555555556
20638,281,27.0
19760,133,20.33333333333333
19624,362,16.27777777777778
19476,214,26.666666666666668
18763,232,26.55555555555556
19112,216,27.27777777777777
22432,248,28.22222222222222
22135,317,22.5
19168,272,24.388888888888893
20154,162,24.77777777777777
21981,163,23.444444444444443
20171,179,26.0
20409,52,14.055555555555554
19910,283,27.83333333333333
21500,47,15.61111111111111
18704,173,26.27777777777778
20694,337,16.61111111111111
21512,59,12.611111111111112
19554,292,22.0
22209,25,14.61111111111111
21110,22,14.61111111111111
19708,81,14.333333333333334
18548,17,12.111111111111107
20844,121,22.88888888888889
20838,115,19.27777777777778
22789,240,28.72222222222222
19102,206,26.944444444444443
20214,222,29.27777777777778
22828,279,25.500000000000004
23006,92,17.444444444444443
21713,260,26.27777777777778
21859,41,16.0
22599,50,18.666666666666664
20666,309,20.27777777777778
22192,8,13.27777777777778
22206,22,10.555555555555555
20753,30,14.333333333333334
22583,34,16.88888888888889
20442,85,16.666666666666668
22365,181,25.27777777777778
19280,18,12.055555555555555
21583,130,25.72222222222222
21308,220,29.11111111111111
20272,280,25.83333333333333
20486,129,19.77777777777777
20721,364,17.61111111111111
19290,28,12.944444444444445
19097,201,27.22222222222222
19287,25,13.777777777777777
22016,198,27.88888888888889
18613,82,17.72222222222222
20548,191,28.5
23025,111,18.111111111111107
19090,194,27.05555555555556
20901,178,25.0
21303,215,28.38888888888889
21548,95,26.72222222222221
21737,284,23.666666666666664
19292,30,12.388888888888888
19432,170,26.22222222222222
22181,363,13.777777777777777
19388,126,18.666666666666664
23018,104,18.55555555555556
22514,330,19.33333333333333
19156,260,26.444444444444443
21498,45,14.61111111111111
23062,148,22.5
22663,114,19.5
20010,18,15.055555555555555
19856,229,28.77777777777778
21638,185,27.38888888888889
21612,159,23.833333333333336
21604,151,22.88888888888889
22026,208,26.83333333333333
22616,67,18.38888888888889
21151,63,15.944444444444445
19725,98,17.444444444444443
19937,310,23.944444444444443
19106,210,27.666666666666668
22781,232,28.88888888888889
21849,31,14.944444444444445
20393,36,15.27777777777778
20297,305,21.55555555555556
21404,316,21.05555555555556
22827,278,25.38888888888889
20676,319,19.22222222222221
18990,94,17.0
19509,247,25.72222222222222
20879,156,24.111111111111114
21936,118,23.5
20836,113,23.38888888888889
22477,293,22.22222222222222
18646,115,17.944444444444443
20634,277,26.27777777777778
20412,55,14.22222222222222
19718,91,14.61111111111111
21135,47,14.833333333333334
22068,250,27.22222222222222
19418,156,23.666666666666664
21175,87,15.22222222222222
18588,57,14.22222222222222
20248,256,26.83333333333333
19171,275,24.5
19823,196,25.777777777777786
18687,156,23.000000000000004
21941,123,21.944444444444443
19782,155,22.77777777777778
18592,61,15.27777777777778
20895,172,25.88888888888889
19522,260,25.0
18567,36,13.666666666666666
22575,26,15.333333333333334
20468,111,19.5
19826,199,26.666666666666668
19093,197,26.72222222222221
19890,263,26.666666666666668
23132,218,27.88888888888889
22587,38,18.05555555555556
19262,366,14.444444444444445
19976,349,17.333333333333332
21643,190,26.611111111111114
22276,92,17.444444444444443
18997,101,16.22222222222222
20403,46,14.555555555555555
20482,125,22.666666666666668
20786,63,15.944444444444445
20334,342,18.666666666666664
21827,9,12.5
22301,117,18.833333333333336
21943,125,19.83333333333333
21368,280,24.55555555555556
19071,175,24.72222222222222
21453,365,15.11111111111111
22697,148,24.111111111111114
19929,302,22.11111111111111
19630,3,12.444444444444445
19232,336,19.111111111111114
19318,56,12.27777777777778
22957,43,15.61111111111111
21935,117,22.05555555555556
22171,353,10.61111111111111
21333,245,27.61111111111111
19965,338,17.77777777777778
21510,57,11.222222222222223
22457,273,26.11111111111111
18744,213,27.444444444444446
22173,355,16.77777777777778
19830,203,27.22222222222222
18607,76,16.5
22387,203,28.22222222222222
20105,113,18.38888888888889
19797,170,24.55555555555556
22716,167,25.222222222222225
18979,83,13.944444444444445
20413,56,13.555555555555555
23014,100,16.88888888888889
20313,321,20.83333333333333
20737,14,13.88888888888889
18718,187,27.05555555555556
21905,87,18.77777777777778
20833,110,19.27777777777778
21574,121,19.0
21705,252,25.72222222222222
20874,151,23.38888888888889
21847,29,15.444444444444445
20440,83,13.555555555555555
21915,97,16.0
19841,214,27.83333333333333
21866,48,13.944444444444445
22702,153,25.72222222222222
22361,177,25.666666666666668
20599,242,28.166666666666668
21276,188,27.22222222222222
20473,116,19.0
18564,33,13.499999999999998
22644,95,16.88888888888889
19891,264,26.77777777777778
22258,74,15.0
19181,285,25.55555555555556
22659,110,21.83333333333333
19202,306,19.388888888888893
22825,276,25.72222222222222
23150,236,28.5
21018,295,22.77777777777778
20499,142,21.944444444444443
21164,76,17.72222222222222
20627,270,26.55555555555556
21658,205,26.944444444444443
20764,41,13.666666666666666
22733,184,27.38888888888889
21438,350,15.166666666666666
18975,79,16.38888888888889
20522,165,26.38888888888889
19137,241,27.0
20850,127,20.777777777777786
20802,79,19.444444444444443
22459,275,26.444444444444443
23142,228,27.5
21960,142,20.500000000000004
21553,100,16.22222222222222
19186,290,21.444444444444443
20008,16,14.5
22822,273,27.05555555555556
22254,70,14.72222222222222
21183,95,23.944444444444443
19209,313,18.666666666666664
22009,191,27.0
21679,226,28.000000000000004
22901,352,15.333333333333334
22681,132,22.27777777777777
20492,135,21.22222222222222
21825,7,13.666666666666666
22333,149,24.05555555555556
20605,248,27.61111111111111
21780,327,22.5
21667,214,27.944444444444443
20651,294,23.55555555555556
19349,87,14.555555555555555
20215,223,28.77777777777778
21328,240,27.722222222222225
19108,212,27.16666666666667
22248,64,14.38888888888889
21836,18,13.499999999999998
22744,195,27.61111111111111
20940,217,27.88888888888889
22155,337,16.166666666666668
21889,71,15.22222222222222
22224,40,10.77777777777778
21876,58,15.27777777777778
21584,131,22.55555555555556
21171,83,20.83333333333333
19998,6,16.72222222222222
20594,237,27.83333333333333
20311,319,20.11111111111111
22714,165,24.944444444444446
22747,198,27.11111111111111
20915,192,26.333333333333336
20547,190,28.77777777777778
19278,16,11.77777777777778
18642,111,16.61111111111111
20449,92,18.666666666666664
19248,352,16.27777777777778
20431,74,15.61111111111111
20813,90,28.55555555555556
22376,192,26.55555555555556
20863,140,21.666666666666668
20910,187,25.444444444444443
23146,232,27.666666666666668
20537,180,26.666666666666668
20425,68,13.27777777777778
22343,159,24.61111111111111
18610,79,16.11111111111111
21931,113,19.05555555555556
21167,79,17.444444444444443
20814,91,21.5
21865,47,12.666666666666664
21735,282,24.5
19048,152,23.05555555555556
22050,232,27.16666666666667
20100,108,20.222222222222225
19654,27,15.22222222222222
19436,174,25.777777777777786
21236,148,22.5
19204,308,19.77777777777777
19785,158,23.000000000000004
19098,202,27.5
22114,296,24.05555555555556
20660,303,20.55555555555556
23012,98,18.72222222222222
20137,145,24.55555555555556
20153,161,25.27777777777778
22618,69,15.11111111111111
20887,164,24.55555555555556
22492,308,19.83333333333333
23128,214,28.5
20340,348,17.11111111111111
19800,173,24.27777777777778
21591,138,22.444444444444446
22775,226,27.55555555555556
21966,148,21.77777777777778
18615,84,13.0
18611,80,17.333333333333332
19401,139,22.38888888888889
20252,260,26.77777777777778
19059,163,24.388888888888893
19664,37,18.166666666666668
20253,261,27.666666666666668
22416,232,28.33333333333333
23075,161,27.16666666666667
22696,147,24.77777777777777
21097,9,12.055555555555555
21226,138,21.55555555555556
19548,286,23.55555555555556
20323,331,16.166666666666668
22261,77,14.77777777777778
21433,345,18.33333333333333
19395,133,21.22222222222222
20739,16,15.055555555555555
20255,263,27.11111111111111
23060,146,22.05555555555556
19598,336,17.27777777777778
20621,264,27.77777777777778
21962,144,20.0
22443,259,27.55555555555556
22127,309,24.61111111111111
19584,322,20.05555555555556
19573,311,20.05555555555556
21788,335,18.277777777777786
20432,75,15.0
18745,214,27.33333333333333
21374,286,25.944444444444443
22746,197,26.944444444444443
18663,132,19.72222222222222
19175,279,23.61111111111111
23162,248,28.55555555555556
22630,81,18.111111111111107
21275,187,27.0
21378,290,22.83333333333333
21813,360,14.166666666666666
20427,70,14.22222222222222
19593,331,18.38888888888889
19184,288,22.33333333333333
22802,253,28.5
22393,209,28.666666666666668
22924,10,13.88888888888889
22420,236,29.27777777777778
20545,188,26.944444444444443
18635,104,17.444444444444443
22585,36,15.72222222222222
21692,239,27.55555555555556
19261,365,15.0
21878,60,24.0
19869,242,27.944444444444443
20639,282,26.333333333333336
20223,231,29.5
18697,166,25.166666666666668
22643,94,19.88888888888889
19650,23,12.833333333333334
21520,67,15.27777777777778
21247,159,29.944444444444443
22561,12,12.388888888888888
21273,185,27.16666666666667
20678,321,21.72222222222221
22098,280,24.33333333333333
21411,323,22.722222222222225
20559,202,28.000000000000004
21353,265,26.5
19131,235,26.38888888888889
19363,101,11.333333333333334
19434,172,25.944444444444443
19707,80,14.88888888888889
19501,239,25.611111111111107
21597,144,24.27777777777778
21157,69,22.444444444444446
20176,184,26.444444444444443
21070,347,17.72222222222222
22664,115,19.88888888888889
21755,302,21.38888888888889
21691,238,27.38888888888889
20209,217,29.0
19384,122,19.944444444444446
22977,63,15.555555555555555
22194,10,13.88888888888889
23121,207,28.444444444444443
20700,343,16.166666666666668
19511,249,26.888888888888893
22844,295,23.277777777777786
18583,52,13.944444444444445
21455,2,16.055555555555557
21397,309,21.83333333333333
21507,54,13.444444444444446
21682,229,28.000000000000004
22287,103,21.5
20168,176,26.22222222222222
19888,261,27.16666666666667
22914,365,11.38888888888889
21902,84,18.944444444444443
19801,174,25.38888888888889
21305,217,28.5
21132,44,15.5
20972,249,28.166666666666668
23016,102,17.38888888888889
22642,93,17.88888888888889
18643,112,17.5
18715,184,26.55555555555556
21371,283,24.88888888888889
19351,89,14.666666666666666
22629,80,21.72222222222221
22279,95,15.11111111111111
20524,167,26.22222222222222
20375,18,15.77777777777778
23097,183,26.166666666666664
20529,172,26.333333333333336
19954,327,20.0
20947,224,28.22222222222222
21386,298,24.27777777777778
19133,237,26.72222222222221
20083,91,17.444444444444443
20448,91,16.944444444444443
21958,140,22.5
21854,36,13.11111111111111
